{
  "name": "falemos",
  "title": "Falemos (let's talk)",
  "description": "",
  "version": "This is auto replaced",
  "library": "false",
  "manifestPlusVersion": "1.2.0",
  "minimumCoreVersion": "9",
  "compatibleCoreVersion": "9",
  "authors": [
    {
      "name": "jvir",
      "url": "https://github.com/jvir",
      "discord": "JuanV",
      "ko-fi": "juanv"
    },
    {
      "name": "Viriato139AC",
      "url": "https://github.com/lozalojo",
      "discord": "Viriato139AC"
    }
  ],
  "dependencies": [

  ],
  "conflicts": [
    
  ],
  "esmodules": [
    "/scripts/module.js"
  ],
  "scripts": [
    "/scripts/lib/html2canvas.js"
  ],
  "socket": true,
  "styles": [
    "/styles/module.css"
  ],
  "languages": [
    {
      "lang": "gl",
      "name": "Galego",
      "path": "languages/gl.json"
    },
    {
      "lang": "en",
      "name": "English",
      "path": "languages/en.json"
    },
    {
      "lang": "es",
      "name": "Español",
      "path": "languages/es.json"
    },
    {
      "lang": "ca",
      "name": "Catalá",
      "path": "languages/ca.json"
    }
  ],
  "url": "This is auto replaced",
  "manifest": "This is auto replaced",
  "download": "This is auto replaced",
  "media": [
  {
      "type": "icon",
      "url": "https://github.com/jvir/foundry-falemos/blob/main/doc/icon/falemos.svg?raw=true"
  },
  {
    "type": "screenshot",
    "url": "https://github.com/jvir/foundry-falemos/blob/main/doc/img/globalconfig.png?raw=true",
    "caption": "Global configuration"
  },
  {
    "type": "screenshot",
    "url": "https://github.com/jvir/foundry-falemos/blob/main/doc/img/userconfig.png?raw=true",
    "caption": "User camera configuration"
  },
  {
    "type": "video",
    "url": "https://github.com/jvir/foundry-falemos/blob/main/doc/vid/scenecastleblack.webm?raw=true",
    "loop": false,
    "thumbnail": "https://github.com/jvir/foundry-falemos/blob/main/doc/vid/scenecastleblack.jpg?raw=true",
    "caption": "Castle black scene camera configuration"
  },
  {
    "type": "video",
    "url": "https://www.youtube.com/watch?v=ZMiOIz7-2Fc",
    "loop": false,
    "caption": "Falemos Vaccinator by Viriato139ac"
  }
]
}
